customer_id,name,age,country,signup_date
1,customer_1,41,US,2024-09-15
2,customer_2,42,US,2024-07-03
3,customer_3,88,DE,2024-12-22
4,customer_4,44,FR,2024-04-26
5,customer_5,57,DE,2024-12-05
6,customer_6,44,FR,2024-02-11
7,customer_7,,DE,2024-04-06
8,customer_8,56,DE,2024-01-10
9,customer_9,69,MA,2024-04-23
10,customer_10,43,ES,2024-05-01
11,customer_11,44,US,2024-06-18
12,customer_12,33,ES,2024-04-22
13,customer_13,24,MA,2024-04-16
14,customer_14,85,DE,2024-06-01
15,customer_15,81,DE,2024-12-23
16,customer_16,23,ES,2024-05-26
17,customer_17,34,DE,2024-02-11
18,customer_18,21,MA,2024-02-15
19,customer_19,84,,2024-05-19
20,customer_20,19,FR,2024-02-02
21,customer_21,18,ES,2024-03-09
22,customer_22,27,ES,2024-07-15
23,customer_23,19,MA,2024-12-25
24,customer_24,39,US,2024-12-17
25,customer_25,87,ES,2024-04-23
26,customer_26,80,MA,2024-05-25
27,customer_27,65,MA,2024-02-05
28,customer_28,47,,2024-03-21
29,customer_29,12,US,2024-01-11
30,customer_30,59,DE,2024-10-07
31,customer_31,58,FR,2024-09-01
32,customer_32,34,ES,2024-09-26
33,customer_33,15,DE,2024-09-12
34,customer_34,15,DE,2024-04-25
35,customer_35,84,MA,2024-01-20
36,customer_36,36,DE,2024-02-25
37,customer_37,37,MA,2024-09-24
38,customer_38,18,FR,2024-09-02
39,customer_39,,ES,2024-02-03
40,customer_40,14,FR,2024-12-21
41,customer_41,76,FR,2024-09-28
42,customer_42,81,ES,2024-12-09
43,customer_43,37,US,2024-12-22
44,customer_44,27,ES,2024-05-01
45,customer_45,83,MA,2024-03-16
46,customer_46,63,MA,2024-12-01
47,customer_47,,MA,2024-08-03
48,customer_48,49,DE,2024-12-04
49,customer_49,42,MA,2024-07-01
50,customer_50,14,MA,2024-12-18
51,customer_51,83,MA,2024-01-19
52,customer_52,19,US,2024-05-20
53,customer_53,56,ES,2024-01-20
54,customer_54,64,MA,2024-11-07
55,customer_55,35,DE,2024-02-11
56,customer_56,46,ES,2024-09-23
57,customer_57,24,US,2024-06-01
58,customer_58,84,MA,2024-02-28
59,customer_59,83,US,2024-03-24
60,customer_60,87,DE,2024-04-14
61,customer_61,16,DE,2024-06-01
62,customer_62,43,FR,2024-09-19
63,customer_63,83,FR,2024-12-19
64,customer_64,30,US,2024-11-26
65,customer_65,75,US,2024-01-15
66,customer_66,33,US,2024-12-13
67,customer_67,19,US,2024-08-09
68,customer_68,47,ES,2024-08-05
69,customer_69,45,FR,2024-04-18
70,customer_70,16,FR,2024-07-28
71,customer_71,80,DE,2024-06-19
72,customer_72,59,ES,2024-05-05
73,customer_73,36,FR,2024-08-22
74,customer_74,17,FR,2024-06-06
75,customer_75,42,ES,2024-01-21
76,customer_76,88,ES,2024-03-05
77,customer_77,73,DE,2024-07-05
78,customer_78,70,DE,2024-07-28
79,customer_79,74,MA,2024-11-08
80,customer_80,88,US,2024-05-12
81,customer_81,77,MA,2024-06-23
82,customer_82,76,FR,2024-07-13
83,customer_83,80,FR,2024-02-08
84,customer_84,24,US,2024-05-22
85,customer_85,40,FR,2024-02-14
86,customer_86,88,FR,2024-01-05
87,customer_87,54,US,2024-01-14
88,customer_88,35,US,2024-10-08
89,customer_89,56,US,2024-10-27
90,customer_90,16,ES,2024-12-11
91,customer_91,74,,2024-08-15
92,customer_92,86,US,2024-09-06
93,customer_93,31,MA,2024-07-23
94,customer_94,70,MA,2024-02-03
95,customer_95,,FR,2024-01-14
96,customer_96,52,FR,2024-04-04
97,customer_97,79,MA,2024-06-05
98,customer_98,14,DE,2024-07-04
99,customer_99,54,MA,2024-05-09
100,customer_100,88,FR,2024-08-16
101,customer_101,42,FR,2024-11-18
102,customer_102,16,MA,2024-05-01
103,customer_103,41,DE,2024-11-24
104,customer_104,76,ES,2024-07-24
105,customer_105,31,ES,2024-01-25
106,customer_106,26,DE,2024-12-01
107,customer_107,25,US,2024-02-02
108,customer_108,76,US,2024-07-25
109,customer_109,71,MA,2024-01-03
110,customer_110,53,MA,2024-07-19
111,customer_111,12,FR,2024-08-18
112,customer_112,70,US,2024-11-04
113,customer_113,67,US,2024-04-02
114,customer_114,84,ES,2024-08-06
115,customer_115,27,ES,2024-08-08
116,customer_116,52,DE,2024-09-14
117,customer_117,55,FR,2024-04-11
118,customer_118,70,ES,2024-06-15
119,customer_119,42,MA,2024-02-11
120,customer_120,36,ES,2024-04-16
121,customer_121,77,MA,2024-02-10
122,customer_122,86,DE,2024-01-07
123,customer_123,80,FR,2024-02-01
124,customer_124,88,FR,2024-11-09
125,customer_125,74,DE,2024-02-22
126,customer_126,27,,2024-12-06
127,customer_127,54,US,2024-07-07
128,customer_128,67,FR,2024-05-14
129,customer_129,,ES,2024-10-09
130,customer_130,17,FR,2024-10-11
131,customer_131,12,DE,2024-07-01
132,customer_132,51,US,2024-04-28
133,customer_133,31,US,2024-05-08
134,customer_134,52,DE,2024-09-14
135,customer_135,26,FR,2024-08-19
136,customer_136,80,MA,2024-07-16
137,customer_137,12,DE,2024-06-25
138,customer_138,38,FR,2024-02-28
139,customer_139,63,ES,2024-01-12
140,customer_140,73,MA,2024-06-28
141,customer_141,52,FR,2024-12-23
142,customer_142,,FR,2024-06-18
143,customer_143,66,DE,2024-04-12
144,customer_144,51,MA,2024-02-07
145,customer_145,,DE,2024-02-16
146,customer_146,86,ES,2024-01-19
147,customer_147,89,ES,2024-03-15
148,customer_148,71,MA,2024-04-11
149,customer_149,46,ES,2024-07-26
150,customer_150,75,DE,2024-11-16
151,customer_151,14,US,2024-07-13
152,customer_152,53,FR,2024-03-28
153,customer_153,86,,2024-10-21
154,customer_154,22,DE,2024-07-22
155,customer_155,28,ES,2024-06-08
156,customer_156,80,MA,2024-09-18
157,customer_157,60,ES,2024-07-07
158,customer_158,50,FR,2024-07-18
159,customer_159,77,ES,2024-05-15
160,customer_160,12,FR,2024-01-01
161,customer_161,20,US,2024-07-05
162,customer_162,35,US,2024-06-18
163,customer_163,51,MA,2024-06-22
164,customer_164,46,FR,2024-11-16
165,customer_165,70,ES,2024-04-19
166,customer_166,84,US,2024-05-02
167,customer_167,78,ES,2024-08-09
168,customer_168,28,,2024-05-23
169,customer_169,14,US,2024-06-27
170,customer_170,53,ES,2024-12-11
171,customer_171,35,FR,2024-08-28
172,customer_172,72,ES,2024-12-24
173,customer_173,89,ES,2024-12-06
174,customer_174,71,DE,2024-03-07
175,customer_175,85,MA,2024-12-11
176,customer_176,63,US,2024-04-22
177,customer_177,79,DE,2024-01-06
178,customer_178,89,US,2024-12-20
179,customer_179,80,,2024-02-15
180,customer_180,,DE,2024-09-28
181,customer_181,77,FR,2024-02-12
182,customer_182,22,US,2024-07-28
183,customer_183,73,DE,2024-08-08
184,customer_184,64,ES,2024-03-24
185,customer_185,32,ES,2024-11-13
186,customer_186,18,US,2024-05-13
187,customer_187,,US,2024-08-18
188,customer_188,60,US,2024-02-14
189,customer_189,47,ES,2024-08-22
190,customer_190,37,DE,2024-11-11
191,customer_191,15,DE,2024-09-21
192,customer_192,55,DE,2024-08-03
193,customer_193,80,ES,2024-12-28
194,customer_194,51,US,2024-12-20
195,customer_195,67,MA,2024-09-18
196,customer_196,56,MA,2024-01-01
197,customer_197,18,DE,2024-04-22
198,customer_198,41,MA,2024-06-26
199,customer_199,43,US,2024-02-16
200,customer_200,45,DE,2024-05-13
201,customer_201,,DE,2024-05-16
202,customer_202,35,ES,2024-08-12
203,customer_203,72,FR,2024-10-15
204,customer_204,71,MA,2024-04-18
205,customer_205,23,DE,2024-05-15
206,customer_206,61,ES,2024-10-06
207,customer_207,31,MA,2024-11-24
208,customer_208,87,DE,2024-08-22
209,customer_209,71,US,2024-04-17
210,customer_210,37,FR,2024-08-12
211,customer_211,41,,2024-07-13
212,customer_212,51,US,2024-12-06
213,customer_213,64,FR,2024-10-15
214,customer_214,84,US,2024-03-03
215,customer_215,37,ES,2024-12-14
216,customer_216,33,US,2024-11-19
217,customer_217,72,DE,2024-03-28
218,customer_218,82,ES,2024-04-07
219,customer_219,51,MA,2024-10-04
220,customer_220,58,ES,2024-09-05
221,customer_221,43,US,2024-04-07
222,customer_222,41,ES,2024-05-03
223,customer_223,51,MA,2024-05-09
224,customer_224,27,MA,2024-01-26
225,customer_225,82,US,2024-09-19
226,customer_226,20,ES,2024-12-23
227,customer_227,69,MA,2024-03-20
228,customer_228,68,US,2024-08-07
229,customer_229,34,US,2024-08-08
230,customer_230,35,DE,2024-03-03
231,customer_231,35,MA,2024-11-23
232,customer_232,82,FR,2024-07-25
233,customer_233,32,FR,2024-11-05
234,customer_234,57,,2024-10-02
235,customer_235,36,DE,2024-01-16
236,customer_236,18,ES,2024-01-16
237,customer_237,26,MA,2024-06-13
238,customer_238,55,FR,2024-11-14
239,customer_239,67,US,2024-07-17
240,customer_240,84,FR,2024-12-18
241,customer_241,43,US,2024-08-10
242,customer_242,40,MA,2024-06-09
243,customer_243,19,MA,2024-09-27
244,customer_244,21,MA,2024-09-03
245,customer_245,61,FR,2024-04-17
246,customer_246,44,MA,2024-04-22
247,customer_247,15,FR,2024-01-23
248,customer_248,16,DE,2024-12-13
249,customer_249,43,DE,2024-08-18
250,customer_250,61,DE,2024-02-22
251,customer_251,23,DE,2024-03-12
252,customer_252,87,DE,2024-12-17
253,customer_253,86,DE,2024-11-23
254,customer_254,25,FR,2024-01-15
255,customer_255,68,US,2024-09-24
256,customer_256,67,FR,2024-11-02
257,customer_257,38,US,2024-07-05
258,customer_258,64,FR,2024-06-20
259,customer_259,22,MA,2024-02-11
260,customer_260,54,MA,2024-03-05
261,customer_261,31,US,2024-12-10
262,customer_262,54,MA,2024-09-19
263,customer_263,81,DE,2024-08-28
264,customer_264,34,ES,2024-01-25
265,customer_265,12,DE,2024-11-07
266,customer_266,47,ES,2024-07-18
267,customer_267,24,DE,2024-12-09
268,customer_268,39,DE,2024-02-28
269,customer_269,19,DE,2024-10-08
270,customer_270,47,US,2024-02-09
271,customer_271,70,US,2024-07-17
272,customer_272,69,DE,2024-12-20
273,customer_273,42,ES,2024-11-23
274,customer_274,53,MA,2024-05-21
275,customer_275,15,FR,2024-09-27
276,customer_276,66,DE,2024-06-15
277,customer_277,62,US,2024-06-25
278,customer_278,77,,2024-07-12
279,customer_279,85,MA,2024-12-01
280,customer_280,79,ES,2024-12-09
281,customer_281,54,,2024-04-28
282,customer_282,40,ES,2024-01-21
283,customer_283,88,ES,2024-06-13
284,customer_284,26,MA,2024-02-02
285,customer_285,15,,2024-10-28
286,customer_286,63,FR,2024-01-17
287,customer_287,78,DE,2024-02-06
288,customer_288,12,MA,2024-01-23
289,customer_289,87,ES,2024-08-20
290,customer_290,49,FR,2024-06-11
291,customer_291,54,FR,2024-01-27
292,customer_292,70,FR,2024-12-01
293,customer_293,25,ES,2024-06-01
294,customer_294,82,FR,2024-06-15
295,customer_295,20,,2024-07-07
296,customer_296,81,MA,2024-09-28
297,customer_297,22,MA,2024-09-25
298,customer_298,40,MA,2024-01-06
299,customer_299,,,2024-01-06
300,customer_300,51,ES,2024-09-05
301,customer_301,26,ES,2024-03-22
302,customer_302,81,MA,2024-04-25
303,customer_303,65,MA,2024-03-13
304,customer_304,29,ES,2024-02-11
305,customer_305,27,MA,2024-01-05
306,customer_306,,FR,2024-04-21
307,customer_307,38,US,2024-11-21
308,customer_308,62,ES,2024-11-18
309,customer_309,49,DE,2024-03-16
310,customer_310,23,MA,2024-08-25
311,customer_311,23,DE,2024-09-23
312,customer_312,51,DE,2024-11-27
313,customer_313,24,US,2024-03-04
314,customer_314,78,DE,2024-10-08
315,customer_315,15,MA,2024-12-13
316,customer_316,72,FR,2024-10-17
317,customer_317,22,FR,2024-03-17
318,customer_318,37,FR,2024-07-10
319,customer_319,37,ES,2024-04-23
320,customer_320,45,,2024-03-05
321,customer_321,26,DE,2024-02-24
322,customer_322,41,FR,2024-12-24
323,customer_323,33,ES,2024-05-27
324,customer_324,36,DE,2024-03-13
325,customer_325,53,DE,2024-12-09
326,customer_326,56,DE,2024-04-27
327,customer_327,18,FR,2024-01-08
328,customer_328,36,FR,2024-02-14
329,customer_329,62,ES,2024-02-05
330,customer_330,75,DE,2024-09-12
331,customer_331,29,ES,2024-09-04
332,customer_332,88,US,2024-10-01
333,customer_333,74,FR,2024-02-02
334,customer_334,78,FR,2024-05-16
335,customer_335,26,DE,2024-02-09
336,customer_336,31,ES,2024-02-01
337,customer_337,24,FR,2024-02-23
338,customer_338,43,MA,2024-02-24
339,customer_339,34,DE,2024-05-20
340,customer_340,20,DE,2024-02-19
341,customer_341,16,US,2024-12-13
342,customer_342,42,DE,2024-08-16
343,customer_343,58,ES,2024-05-10
344,customer_344,58,ES,2024-01-02
345,customer_345,19,DE,2024-07-05
346,customer_346,12,DE,2024-07-14
347,customer_347,70,,2024-04-07
348,customer_348,79,MA,2024-11-19
349,customer_349,52,FR,2024-09-20
350,customer_350,53,DE,2024-10-17
351,customer_351,28,US,2024-11-20
352,customer_352,67,FR,2024-09-13
353,customer_353,79,DE,2024-07-24
354,customer_354,85,US,2024-10-19
355,customer_355,70,MA,2024-09-27
356,customer_356,31,MA,2024-04-03
357,customer_357,27,MA,2024-07-05
358,customer_358,41,DE,2024-01-22
359,customer_359,86,US,2024-04-20
360,customer_360,40,DE,2024-07-24
361,customer_361,15,MA,2024-04-11
362,customer_362,62,US,2024-07-23
363,customer_363,67,FR,2024-11-24
364,customer_364,35,DE,2024-04-06
365,customer_365,46,US,2024-04-28
366,customer_366,15,ES,2024-10-17
367,customer_367,30,ES,2024-11-19
368,customer_368,59,FR,2024-10-26
369,customer_369,20,FR,2024-02-24
370,customer_370,41,MA,2024-02-09
371,customer_371,75,FR,2024-02-24
372,customer_372,71,DE,2024-01-23
373,customer_373,81,US,2024-04-06
374,customer_374,76,,2024-06-07
375,customer_375,23,FR,2024-12-27
376,customer_376,40,ES,2024-05-04
377,customer_377,79,US,2024-04-27
378,customer_378,31,ES,2024-05-21
379,customer_379,87,ES,2024-07-01
380,customer_380,69,US,2024-08-16
381,customer_381,66,DE,2024-03-12
382,customer_382,20,FR,2024-05-28
383,customer_383,53,ES,2024-09-24
384,customer_384,33,DE,2024-07-02
385,customer_385,23,FR,2024-05-21
386,customer_386,53,MA,2024-08-15
387,customer_387,48,MA,2024-04-23
388,customer_388,,ES,2024-03-25
389,customer_389,86,DE,2024-10-26
390,customer_390,60,DE,2024-05-12
391,customer_391,30,ES,2024-02-20
392,customer_392,54,MA,2024-06-26
393,customer_393,70,ES,2024-03-26
394,customer_394,73,ES,2024-08-01
395,customer_395,81,,2024-10-04
396,customer_396,41,MA,2024-09-11
397,customer_397,82,DE,2024-12-15
398,customer_398,79,MA,2024-06-12
399,customer_399,,FR,2024-10-21
400,customer_400,36,US,2024-09-02
401,customer_401,77,US,2024-05-24
402,customer_402,33,FR,2024-02-12
403,customer_403,37,DE,2024-01-15
404,customer_404,31,ES,2024-02-21
405,customer_405,,ES,2024-04-07
406,customer_406,51,ES,2024-04-16
407,customer_407,59,MA,2024-03-24
408,customer_408,85,ES,2024-01-09
409,customer_409,,ES,2024-12-20
410,customer_410,40,FR,2024-07-14
411,customer_411,30,DE,2024-06-23
412,customer_412,23,ES,2024-07-16
413,customer_413,14,FR,2024-04-26
414,customer_414,54,US,2024-12-22
415,customer_415,49,DE,2024-12-24
416,customer_416,48,ES,2024-01-11
417,customer_417,39,ES,2024-07-05
418,customer_418,14,FR,2024-09-04
419,customer_419,43,MA,2024-06-14
420,customer_420,86,US,2024-07-26
421,customer_421,51,MA,2024-05-17
422,customer_422,73,DE,2024-04-17
423,customer_423,33,DE,2024-12-10
424,customer_424,85,FR,2024-06-22
425,customer_425,33,MA,2024-09-28
426,customer_426,16,MA,2024-02-25
427,customer_427,,DE,2024-03-03
428,customer_428,66,MA,2024-12-12
429,customer_429,72,FR,2024-10-17
430,customer_430,79,FR,2024-06-23
431,customer_431,22,DE,2024-08-17
432,customer_432,16,US,2024-03-17
433,customer_433,72,US,2024-04-26
434,customer_434,13,MA,2024-12-22
435,customer_435,15,ES,2024-01-06
436,customer_436,79,ES,2024-11-21
437,customer_437,86,DE,2024-01-26
438,customer_438,58,US,2024-10-24
439,customer_439,,FR,2024-08-17
440,customer_440,40,ES,2024-09-08
441,customer_441,54,MA,2024-01-18
442,customer_442,19,MA,2024-01-09
443,customer_443,15,US,2024-05-08
444,customer_444,76,ES,2024-06-04
445,customer_445,16,DE,2024-08-28
446,customer_446,85,MA,2024-03-27
447,customer_447,21,ES,2024-04-28
448,customer_448,67,ES,2024-02-07
449,customer_449,45,US,2024-05-07
450,customer_450,61,US,2024-01-05
451,customer_451,38,DE,2024-01-20
452,customer_452,50,DE,2024-08-06
453,customer_453,16,MA,2024-03-14
454,customer_454,30,DE,2024-03-14
455,customer_455,27,US,2024-11-17
456,customer_456,86,DE,2024-12-02
457,customer_457,78,US,2024-11-19
458,customer_458,43,ES,2024-06-09
459,customer_459,87,ES,2024-10-19
460,customer_460,86,US,2024-11-07
461,customer_461,84,FR,2024-04-02
462,customer_462,31,MA,2024-02-04
463,customer_463,35,US,2024-06-01
464,customer_464,79,DE,2024-05-03
465,customer_465,22,ES,2024-04-05
466,customer_466,22,FR,2024-02-02
467,customer_467,62,US,2024-12-19
468,customer_468,27,US,2024-07-11
469,customer_469,69,US,2024-06-09
470,customer_470,70,DE,2024-05-11
471,customer_471,51,FR,2024-10-27
472,customer_472,18,ES,2024-08-04
473,customer_473,81,FR,2024-03-13
474,customer_474,47,US,2024-01-01
475,customer_475,26,US,2024-03-24
476,customer_476,23,MA,2024-12-19
477,customer_477,84,MA,2024-04-04
478,customer_478,47,US,2024-10-17
479,customer_479,82,,2024-11-12
480,customer_480,60,MA,2024-09-08
481,customer_481,56,US,2024-07-28
482,customer_482,34,DE,2024-11-02
483,customer_483,79,DE,2024-11-08
484,customer_484,43,DE,2024-03-06
485,customer_485,18,ES,2024-05-02
486,customer_486,23,FR,2024-07-19
487,customer_487,72,US,2024-02-07
488,customer_488,30,MA,2024-02-24
489,customer_489,70,MA,2024-11-16
490,customer_490,,MA,2024-07-23
491,customer_491,86,US,2024-11-22
492,customer_492,,DE,2024-08-02
493,customer_493,38,DE,2024-07-13
494,customer_494,60,US,2024-05-03
495,customer_495,13,ES,2024-04-06
496,customer_496,51,MA,2024-04-15
497,customer_497,51,ES,2024-12-22
498,customer_498,21,US,2024-04-20
499,customer_499,77,MA,2024-09-07
500,customer_500,58,FR,2024-01-11
501,customer_501,34,MA,2024-12-13
502,customer_502,15,US,2024-08-11
503,customer_503,87,DE,2024-12-16
504,customer_504,51,US,2024-11-04
505,customer_505,51,FR,2024-09-06
506,customer_506,39,DE,2024-03-09
507,customer_507,66,US,2024-12-01
508,customer_508,31,MA,2024-04-08
509,customer_509,33,FR,2024-02-05
510,customer_510,83,US,2024-01-11
511,customer_511,66,US,2024-04-13
512,customer_512,29,US,2024-04-09
513,customer_513,89,MA,2024-06-19
514,customer_514,61,MA,2024-03-27
515,customer_515,27,ES,2024-06-15
516,customer_516,26,DE,2024-01-19
517,customer_517,61,FR,2024-04-13
518,customer_518,87,ES,2024-03-22
519,customer_519,57,DE,2024-04-03
520,customer_520,61,MA,2024-08-18
521,customer_521,36,MA,2024-11-09
522,customer_522,25,ES,2024-03-03
523,customer_523,50,DE,2024-07-26
524,customer_524,21,US,2024-08-02
525,customer_525,31,MA,2024-05-10
526,customer_526,68,ES,2024-10-24
527,customer_527,69,DE,2024-02-19
528,customer_528,41,FR,2024-09-21
529,customer_529,14,US,2024-06-20
530,customer_530,44,DE,2024-04-25
531,customer_531,44,ES,2024-04-18
532,customer_532,66,FR,2024-10-20
533,customer_533,61,FR,2024-07-25
534,customer_534,83,ES,2024-11-21
535,customer_535,46,US,2024-06-07
536,customer_536,39,DE,2024-08-12
537,customer_537,25,DE,2024-05-25
538,customer_538,29,DE,2024-06-28
539,customer_539,14,US,2024-09-10
540,customer_540,15,FR,2024-01-13
541,customer_541,72,ES,2024-05-13
542,customer_542,86,FR,2024-01-13
543,customer_543,70,ES,2024-08-26
544,customer_544,,FR,2024-08-09
545,customer_545,42,US,2024-08-22
546,customer_546,58,ES,2024-01-01
547,customer_547,85,US,2024-02-16
548,customer_548,15,FR,2024-11-08
549,customer_549,81,US,2024-04-10
550,customer_550,31,DE,2024-02-07
551,customer_551,58,ES,2024-06-03
552,customer_552,31,US,2024-11-08
553,customer_553,22,FR,2024-11-16
554,customer_554,71,DE,2024-02-21
555,customer_555,76,MA,2024-06-21
556,customer_556,58,ES,2024-06-09
557,customer_557,63,FR,2024-11-15
558,customer_558,75,FR,2024-08-16
559,customer_559,38,ES,2024-08-02
560,customer_560,87,MA,2024-05-09
561,customer_561,31,ES,2024-07-12
562,customer_562,82,ES,2024-03-26
563,customer_563,29,ES,2024-01-14
564,customer_564,86,FR,2024-12-10
565,customer_565,32,ES,2024-03-26
566,customer_566,63,FR,2024-03-22
567,customer_567,81,US,2024-07-01
568,customer_568,54,,2024-03-10
569,customer_569,36,MA,2024-11-21
570,customer_570,87,DE,2024-10-18
571,customer_571,16,US,2024-07-10
572,customer_572,42,FR,2024-12-26
573,customer_573,74,ES,2024-11-27
574,customer_574,47,ES,2024-01-17
575,customer_575,34,US,2024-12-10
576,customer_576,22,FR,2024-10-05
577,customer_577,86,ES,2024-07-18
578,customer_578,51,ES,2024-06-16
579,customer_579,69,FR,2024-12-15
580,customer_580,65,US,2024-01-01
581,customer_581,83,US,2024-09-13
582,customer_582,14,ES,2024-09-21
583,customer_583,79,MA,2024-03-03
584,customer_584,70,MA,2024-08-24
585,customer_585,71,ES,2024-10-13
586,customer_586,68,US,2024-06-15
587,customer_587,47,,2024-02-04
588,customer_588,26,FR,2024-09-04
589,customer_589,36,US,2024-04-24
590,customer_590,,US,2024-07-07
591,customer_591,69,MA,2024-06-22
592,customer_592,49,US,2024-07-13
593,customer_593,14,MA,2024-06-23
594,customer_594,57,FR,2024-10-19
595,customer_595,36,ES,2024-05-07
596,customer_596,20,MA,2024-01-25
597,customer_597,49,FR,2024-04-15
598,customer_598,83,ES,2024-04-27
599,customer_599,34,ES,2024-10-08
600,customer_600,45,,2024-05-20
601,customer_601,44,MA,2024-01-11
602,customer_602,58,ES,2024-03-02
603,customer_603,19,DE,2024-09-10
604,customer_604,19,US,2024-02-24
605,customer_605,62,DE,2024-07-14
606,customer_606,58,MA,2024-08-17
607,customer_607,24,MA,2024-07-12
608,customer_608,78,MA,2024-02-28
609,customer_609,53,FR,2024-04-18
610,customer_610,63,MA,2024-09-25
611,customer_611,63,MA,2024-02-25
612,customer_612,56,US,2024-03-27
613,customer_613,49,FR,2024-02-12
614,customer_614,62,DE,2024-04-10
615,customer_615,17,US,2024-03-03
616,customer_616,19,MA,2024-12-16
617,customer_617,,MA,2024-02-25
618,customer_618,35,MA,2024-05-03
619,customer_619,55,MA,2024-04-01
620,customer_620,52,FR,2024-01-26
621,customer_621,67,US,2024-12-17
622,customer_622,89,ES,2024-03-26
623,customer_623,26,DE,2024-04-04
624,customer_624,27,US,2024-11-26
625,customer_625,20,DE,2024-10-17
626,customer_626,80,US,2024-10-22
627,customer_627,64,DE,2024-02-01
628,customer_628,71,MA,2024-04-13
629,customer_629,62,,2024-03-11
630,customer_630,69,ES,2024-06-14
631,customer_631,46,FR,2024-10-06
632,customer_632,18,FR,2024-09-17
633,customer_633,70,US,2024-07-02
634,customer_634,18,DE,2024-10-18
635,customer_635,74,,2024-07-27
636,customer_636,75,MA,2024-09-18
637,customer_637,86,ES,2024-06-19
638,customer_638,62,US,2024-06-20
639,customer_639,73,DE,2024-07-19
640,customer_640,42,DE,2024-11-01
641,customer_641,46,US,2024-04-01
642,customer_642,29,DE,2024-02-04
643,customer_643,79,MA,2024-05-02
644,customer_644,65,MA,2024-03-20
645,customer_645,,US,2024-10-09
646,customer_646,63,MA,2024-07-28
647,customer_647,17,DE,2024-07-16
648,customer_648,66,DE,2024-10-20
649,customer_649,84,DE,2024-03-22
650,customer_650,45,US,2024-05-20
651,customer_651,18,FR,2024-08-12
652,customer_652,,FR,2024-07-11
653,customer_653,29,US,2024-06-06
654,customer_654,38,DE,2024-12-18
655,customer_655,,MA,2024-06-03
656,customer_656,67,FR,2024-10-17
657,customer_657,77,DE,2024-08-07
658,customer_658,87,DE,2024-06-26
659,customer_659,82,US,2024-11-25
660,customer_660,12,ES,2024-10-27
661,customer_661,76,DE,2024-03-26
662,customer_662,12,US,2024-08-23
663,customer_663,84,MA,2024-02-11
664,customer_664,80,ES,2024-12-17
665,customer_665,62,FR,2024-05-23
666,customer_666,74,ES,2024-01-25
667,customer_667,76,ES,2024-08-28
668,customer_668,35,ES,2024-02-19
669,customer_669,29,DE,2024-04-26
670,customer_670,75,MA,2024-08-25
671,customer_671,85,US,2024-09-04
672,customer_672,73,DE,2024-07-28
673,customer_673,,FR,2024-05-16
674,customer_674,51,US,2024-08-11
675,customer_675,73,MA,2024-07-24
676,customer_676,45,ES,2024-07-21
677,customer_677,72,DE,2024-09-05
678,customer_678,36,MA,2024-08-19
679,customer_679,21,MA,2024-12-19
680,customer_680,83,MA,2024-11-09
681,customer_681,42,ES,2024-10-14
682,customer_682,42,US,2024-09-02
683,customer_683,54,FR,2024-04-06
684,customer_684,16,ES,2024-09-01
685,customer_685,68,US,2024-08-15
686,customer_686,84,DE,2024-03-12
687,customer_687,84,FR,2024-06-04
688,customer_688,84,FR,2024-01-05
689,customer_689,49,FR,2024-10-17
690,customer_690,68,FR,2024-05-21
691,customer_691,60,ES,2024-07-06
692,customer_692,55,MA,2024-01-24
693,customer_693,36,FR,2024-04-12
694,customer_694,84,FR,2024-12-03
695,customer_695,32,DE,2024-09-08
696,customer_696,,,2024-12-28
697,customer_697,55,FR,2024-02-16
698,customer_698,52,FR,2024-08-01
699,customer_699,60,DE,2024-05-10
700,customer_700,70,FR,2024-06-28
701,customer_701,87,ES,2024-02-28
702,customer_702,30,MA,2024-02-26
703,customer_703,74,US,2024-12-25
704,customer_704,38,ES,2024-06-01
705,customer_705,35,DE,2024-01-06
706,customer_706,18,FR,2024-08-03
707,customer_707,19,FR,2024-07-12
708,customer_708,82,US,2024-07-01
709,customer_709,50,FR,2024-03-09
710,customer_710,40,ES,2024-04-08
711,customer_711,71,,2024-06-07
712,customer_712,72,ES,2024-12-21
713,customer_713,57,DE,2024-10-07
714,customer_714,36,MA,2024-04-09
715,customer_715,69,DE,2024-03-06
716,customer_716,49,DE,2024-05-18
717,customer_717,85,FR,2024-01-09
718,customer_718,64,ES,2024-12-22
719,customer_719,69,FR,2024-07-11
720,customer_720,29,ES,2024-08-04
721,customer_721,27,MA,2024-08-08
722,customer_722,24,FR,2024-12-04
723,customer_723,34,DE,2024-11-08
724,customer_724,40,MA,2024-01-07
725,customer_725,64,ES,2024-01-26
726,customer_726,39,MA,2024-02-17
727,customer_727,28,,2024-08-18
728,customer_728,50,ES,2024-07-13
729,customer_729,49,FR,2024-08-24
730,customer_730,65,US,2024-08-17
731,customer_731,33,DE,2024-03-06
732,customer_732,38,US,2024-09-28
733,customer_733,42,FR,2024-10-05
734,customer_734,28,ES,2024-07-17
735,customer_735,14,US,2024-04-27
736,customer_736,62,US,2024-06-26
737,customer_737,43,US,2024-05-12
738,customer_738,24,MA,2024-08-09
739,customer_739,74,DE,2024-02-22
740,customer_740,89,US,2024-01-17
741,customer_741,88,DE,2024-10-21
742,customer_742,61,US,2024-12-27
743,customer_743,70,US,2024-12-08
744,customer_744,63,,2024-09-19
745,customer_745,83,DE,2024-03-15
746,customer_746,43,US,2024-06-06
747,customer_747,36,FR,2024-07-01
748,customer_748,37,ES,2024-07-18
749,customer_749,26,ES,2024-09-11
750,customer_750,89,FR,2024-07-06
751,customer_751,31,US,2024-10-13
752,customer_752,85,ES,2024-12-16
753,customer_753,18,US,2024-03-14
754,customer_754,69,US,2024-03-06
755,customer_755,86,DE,2024-03-23
756,customer_756,68,ES,2024-07-04
757,customer_757,89,,2024-08-17
758,customer_758,18,MA,2024-09-08
759,customer_759,79,US,2024-09-22
760,customer_760,61,US,2024-04-06
761,customer_761,30,MA,2024-06-16
762,customer_762,87,ES,2024-06-07
763,customer_763,59,DE,2024-04-08
764,customer_764,55,FR,2024-04-23
765,customer_765,13,MA,2024-08-06
766,customer_766,17,ES,2024-09-16
767,customer_767,54,DE,2024-06-12
768,customer_768,39,US,2024-07-02
769,customer_769,72,DE,2024-09-28
770,customer_770,19,MA,2024-02-27
771,customer_771,33,MA,2024-08-24
772,customer_772,35,DE,2024-11-19
773,customer_773,65,MA,2024-10-18
774,customer_774,39,ES,2024-07-18
775,customer_775,22,MA,2024-11-17
776,customer_776,30,FR,2024-01-17
777,customer_777,67,MA,2024-08-14
778,customer_778,31,DE,2024-11-17
779,customer_779,69,FR,2024-12-14
780,customer_780,40,US,2024-04-13
781,customer_781,82,US,2024-04-25
782,customer_782,42,US,2024-08-20
783,customer_783,,ES,2024-09-23
784,customer_784,25,FR,2024-04-12
785,customer_785,41,MA,2024-04-16
786,customer_786,85,US,2024-03-21
787,customer_787,13,FR,2024-04-13
788,customer_788,14,FR,2024-07-08
789,customer_789,36,ES,2024-06-13
790,customer_790,22,US,2024-04-16
791,customer_791,27,US,2024-06-19
792,customer_792,72,MA,2024-07-01
793,customer_793,31,DE,2024-10-28
794,customer_794,79,MA,2024-11-25
795,customer_795,51,ES,2024-11-04
796,customer_796,74,,2024-05-02
797,customer_797,69,FR,2024-02-08
798,customer_798,88,US,2024-07-03
799,customer_799,40,DE,2024-07-11
800,customer_800,24,,2024-12-02
801,customer_801,54,ES,2024-08-07
802,customer_802,62,US,2024-10-26
803,customer_803,24,,2024-05-15
804,customer_804,25,MA,2024-08-16
805,customer_805,48,DE,2024-03-24
806,customer_806,17,DE,2024-03-03
807,customer_807,44,DE,2024-07-28
808,customer_808,50,ES,2024-01-14
809,customer_809,29,DE,2024-11-10
810,customer_810,85,DE,2024-12-23
811,customer_811,68,ES,2024-10-05
812,customer_812,80,DE,2024-11-27
813,customer_813,86,FR,2024-12-23
814,customer_814,54,DE,2024-04-11
815,customer_815,16,FR,2024-11-11
816,customer_816,42,DE,2024-06-23
817,customer_817,22,ES,2024-01-15
818,customer_818,84,ES,2024-11-11
819,customer_819,40,US,2024-12-16
820,customer_820,81,MA,2024-10-17
821,customer_821,60,ES,2024-06-07
822,customer_822,37,US,2024-12-28
823,customer_823,15,ES,2024-06-13
824,customer_824,41,DE,2024-04-05
825,customer_825,88,ES,2024-07-05
826,customer_826,47,DE,2024-12-22
827,customer_827,19,DE,2024-05-14
828,customer_828,71,US,2024-10-04
829,customer_829,24,ES,2024-10-05
830,customer_830,21,FR,2024-06-16
831,customer_831,70,US,2024-07-25
832,customer_832,20,ES,2024-10-04
833,customer_833,59,US,2024-04-10
834,customer_834,,ES,2024-12-07
835,customer_835,23,US,2024-08-08
836,customer_836,63,MA,2024-12-15
837,customer_837,30,US,2024-04-24
838,customer_838,53,MA,2024-03-13
839,customer_839,87,US,2024-12-26
840,customer_840,25,DE,2024-02-22
841,customer_841,52,FR,2024-08-23
842,customer_842,61,ES,2024-09-11
843,customer_843,40,ES,2024-12-18
844,customer_844,43,FR,2024-05-04
845,customer_845,51,MA,2024-12-26
846,customer_846,19,ES,2024-01-08
847,customer_847,13,DE,2024-07-07
848,customer_848,40,FR,2024-09-24
849,customer_849,19,MA,2024-12-21
850,customer_850,82,FR,2024-12-05
851,customer_851,53,MA,2024-06-25
852,customer_852,30,MA,2024-06-07
853,customer_853,73,MA,2024-11-14
854,customer_854,55,MA,2024-02-02
855,customer_855,65,US,2024-01-01
856,customer_856,67,DE,2024-12-08
857,customer_857,81,US,2024-10-07
858,customer_858,38,MA,2024-10-18
859,customer_859,23,ES,2024-07-03
860,customer_860,,US,2024-11-26
861,customer_861,13,MA,2024-10-25
862,customer_862,88,US,2024-01-10
863,customer_863,52,MA,2024-06-10
864,customer_864,50,ES,2024-03-26
865,customer_865,44,,2024-01-20
866,customer_866,47,FR,2024-01-04
867,customer_867,19,MA,2024-12-14
868,customer_868,32,ES,2024-03-27
869,customer_869,36,FR,2024-05-02
870,customer_870,71,ES,2024-12-28
871,customer_871,66,FR,2024-01-24
872,customer_872,35,ES,2024-10-05
873,customer_873,70,DE,2024-09-11
874,customer_874,19,ES,2024-08-03
875,customer_875,48,DE,2024-10-05
876,customer_876,53,US,2024-07-21
877,customer_877,38,ES,2024-10-10
878,customer_878,79,US,2024-10-05
879,customer_879,86,FR,2024-09-02
880,customer_880,19,ES,2024-01-25
881,customer_881,71,DE,2024-04-28
882,customer_882,52,FR,2024-12-23
883,customer_883,26,DE,2024-08-21
884,customer_884,74,MA,2024-11-20
885,customer_885,21,FR,2024-10-14
886,customer_886,35,DE,2024-11-13
887,customer_887,89,DE,2024-06-22
888,customer_888,54,US,2024-11-02
889,customer_889,14,MA,2024-12-07
890,customer_890,42,MA,2024-03-15
891,customer_891,,FR,2024-04-05
892,customer_892,46,MA,2024-11-28
893,customer_893,45,MA,2024-09-24
894,customer_894,48,ES,2024-12-13
895,customer_895,57,US,2024-01-05
896,customer_896,61,,2024-06-24
897,customer_897,86,DE,2024-11-05
898,customer_898,39,DE,2024-06-14
899,customer_899,70,DE,2024-05-09
900,customer_900,76,DE,2024-05-26
901,customer_901,53,MA,2024-02-28
902,customer_902,77,ES,2024-03-23
903,customer_903,85,DE,2024-05-14
904,customer_904,85,ES,2024-05-11
905,customer_905,71,MA,2024-11-19
906,customer_906,19,DE,2024-04-09
907,customer_907,12,ES,2024-08-17
908,customer_908,55,FR,2024-07-03
909,customer_909,53,DE,2024-10-23
910,customer_910,17,FR,2024-08-14
911,customer_911,30,US,2024-01-24
912,customer_912,,ES,2024-02-11
913,customer_913,29,MA,2024-02-09
914,customer_914,,US,2024-08-02
915,customer_915,28,MA,2024-03-04
916,customer_916,22,MA,2024-07-13
917,customer_917,28,MA,2024-07-16
918,customer_918,80,MA,2024-05-16
919,customer_919,33,US,2024-09-24
920,customer_920,30,FR,2024-04-01
921,customer_921,76,ES,2024-04-13
922,customer_922,,DE,2024-04-27
923,customer_923,84,ES,2024-01-12
924,customer_924,50,FR,2024-11-12
925,customer_925,86,US,2024-12-13
926,customer_926,41,DE,2024-04-13
927,customer_927,40,DE,2024-09-02
928,customer_928,62,MA,2024-09-11
929,customer_929,59,FR,2024-02-15
930,customer_930,45,FR,2024-08-15
931,customer_931,34,DE,2024-06-16
932,customer_932,52,FR,2024-09-25
933,customer_933,,US,2024-02-22
934,customer_934,84,ES,2024-08-12
935,customer_935,31,FR,2024-08-12
936,customer_936,73,FR,2024-07-05
937,customer_937,60,FR,2024-07-02
938,customer_938,85,US,2024-06-14
939,customer_939,38,FR,2024-12-09
940,customer_940,15,FR,2024-03-04
941,customer_941,56,DE,2024-10-05
942,customer_942,64,US,2024-03-07
943,customer_943,82,MA,2024-09-26
944,customer_944,70,US,2024-04-21
945,customer_945,58,MA,2024-02-24
946,customer_946,53,US,2024-04-07
947,customer_947,48,ES,2024-11-03
948,customer_948,27,US,2024-04-28
949,customer_949,,ES,2024-10-11
950,customer_950,50,ES,2024-10-21
951,customer_951,52,FR,2024-02-19
952,customer_952,73,MA,2024-04-14
953,customer_953,70,ES,2024-06-11
954,customer_954,73,MA,2024-07-03
955,customer_955,67,MA,2024-08-25
956,customer_956,85,DE,2024-07-21
957,customer_957,85,MA,2024-11-07
958,customer_958,55,ES,2024-04-24
959,customer_959,22,MA,2024-11-09
960,customer_960,74,ES,2024-09-07
961,customer_961,26,DE,2024-03-16
962,customer_962,73,US,2024-06-14
963,customer_963,14,US,2024-04-24
964,customer_964,73,MA,2024-07-18
965,customer_965,50,US,2024-07-10
966,customer_966,73,ES,2024-03-22
967,customer_967,43,ES,2024-06-05
968,customer_968,80,FR,2024-07-27
969,customer_969,58,ES,2024-10-23
970,customer_970,32,FR,2024-12-28
971,customer_971,,ES,2024-09-08
972,customer_972,75,FR,2024-10-05
973,customer_973,44,ES,2024-08-18
974,customer_974,40,FR,2024-05-17
975,customer_975,47,DE,2024-06-08
976,customer_976,72,MA,2024-12-12
977,customer_977,48,ES,2024-06-17
978,customer_978,13,ES,2024-12-28
979,customer_979,71,DE,2024-03-01
980,customer_980,13,FR,2024-08-17
981,customer_981,65,MA,2024-01-20
982,customer_982,86,DE,2024-06-22
983,customer_983,32,MA,2024-07-19
984,customer_984,33,DE,2024-11-20
985,customer_985,52,DE,2024-01-26
986,customer_986,61,FR,2024-08-18
987,customer_987,69,ES,2024-11-12
988,customer_988,48,US,2024-06-19
989,customer_989,41,US,2024-03-04
990,customer_990,41,US,2024-05-17
991,customer_991,38,FR,2024-12-28
992,customer_992,64,ES,2024-10-19
993,customer_993,39,DE,2024-10-05
994,customer_994,48,MA,2024-07-10
995,customer_995,22,MA,2024-03-12
996,customer_996,83,FR,2024-12-24
997,customer_997,76,ES,2024-01-25
998,customer_998,51,ES,2024-08-27
999,customer_999,12,DE,2024-06-10
1000,customer_1000,79,ES,2024-09-08
1001,customer_1001,46,US,2024-12-02
1002,customer_1002,55,FR,2024-03-08
1003,customer_1003,16,DE,2024-08-04
1004,customer_1004,14,US,2024-10-13
1005,customer_1005,47,US,2024-05-09
1006,customer_1006,80,FR,2024-09-14
1007,customer_1007,65,MA,2024-11-06
1008,customer_1008,73,US,2024-04-07
1009,customer_1009,72,ES,2024-01-05
1010,customer_1010,86,DE,2024-12-18
1011,customer_1011,47,ES,2024-06-01
1012,customer_1012,27,ES,2024-02-17
1013,customer_1013,29,MA,2024-04-22
1014,customer_1014,40,MA,2024-01-20
1015,customer_1015,82,ES,2024-03-09
1016,customer_1016,57,MA,2024-10-06
1017,customer_1017,37,MA,2024-06-03
1018,customer_1018,77,FR,2024-06-21
1019,customer_1019,71,US,2024-08-17
1020,customer_1020,25,DE,2024-10-19
1021,customer_1021,14,DE,2024-03-14
1022,customer_1022,75,ES,2024-08-22
1023,customer_1023,86,FR,2024-02-04
1024,customer_1024,76,FR,2024-10-06
1025,customer_1025,15,MA,2024-01-03
1026,customer_1026,80,ES,2024-04-03
1027,customer_1027,75,ES,2024-08-26
1028,customer_1028,83,FR,2024-05-12
1029,customer_1029,31,US,2024-11-03
1030,customer_1030,34,US,2024-11-01
1031,customer_1031,85,MA,2024-12-20
1032,customer_1032,38,DE,2024-09-08
1033,customer_1033,24,DE,2024-04-12
1034,customer_1034,16,MA,2024-04-28
1035,customer_1035,78,FR,2024-02-23
1036,customer_1036,66,FR,2024-03-27
1037,customer_1037,82,US,2024-01-03
1038,customer_1038,63,US,2024-09-04
1039,customer_1039,29,MA,2024-11-10
1040,customer_1040,79,US,2024-07-08
1041,customer_1041,50,FR,2024-07-14
1042,customer_1042,46,DE,2024-06-10
1043,customer_1043,43,FR,2024-06-22
1044,customer_1044,25,US,2024-07-15
1045,customer_1045,54,FR,2024-08-05
1046,customer_1046,32,DE,2024-03-08
1047,customer_1047,21,MA,2024-06-25
1048,customer_1048,88,ES,2024-08-17
1049,customer_1049,67,US,2024-08-18
1050,customer_1050,76,US,2024-04-16
1051,customer_1051,79,MA,2024-08-06
1052,customer_1052,73,US,2024-05-13
1053,customer_1053,85,ES,2024-05-17
1054,customer_1054,29,FR,2024-07-27
1055,customer_1055,28,MA,2024-09-12
1056,customer_1056,69,MA,2024-03-21
1057,customer_1057,65,MA,2024-09-21
1058,customer_1058,59,DE,2024-11-06
1059,customer_1059,72,US,2024-04-11
1060,customer_1060,77,ES,2024-08-14
1061,customer_1061,28,MA,2024-08-14
1062,customer_1062,25,FR,2024-07-13
1063,customer_1063,61,ES,2024-12-12
1064,customer_1064,48,US,2024-01-05
1065,customer_1065,22,ES,2024-06-03
1066,customer_1066,51,MA,2024-07-22
1067,customer_1067,22,FR,2024-07-27
1068,customer_1068,69,ES,2024-07-01
1069,customer_1069,55,DE,2024-12-21
1070,customer_1070,12,US,2024-07-07
1071,customer_1071,85,MA,2024-04-04
1072,customer_1072,66,ES,2024-07-18
1073,customer_1073,70,MA,2024-10-19
1074,customer_1074,13,ES,2024-04-24
1075,customer_1075,57,FR,2024-07-09
1076,customer_1076,63,US,2024-06-15
1077,customer_1077,13,MA,2024-07-17
1078,customer_1078,23,FR,2024-10-21
1079,customer_1079,52,DE,2024-02-24
1080,customer_1080,27,DE,2024-07-10
1081,customer_1081,52,DE,2024-04-25
1082,customer_1082,83,DE,2024-01-27
1083,customer_1083,45,ES,2024-03-13
1084,customer_1084,83,FR,2024-09-09
1085,customer_1085,89,DE,2024-11-28
1086,customer_1086,,,2024-09-11
1087,customer_1087,44,DE,2024-08-20
1088,customer_1088,63,ES,2024-11-15
1089,customer_1089,78,FR,2024-04-10
1090,customer_1090,,MA,2024-06-18
1091,customer_1091,34,US,2024-07-08
1092,customer_1092,41,FR,2024-11-14
1093,customer_1093,31,ES,2024-01-16
1094,customer_1094,47,ES,2024-08-27
1095,customer_1095,82,FR,2024-08-21
1096,customer_1096,88,DE,2024-09-04
1097,customer_1097,53,US,2024-02-20
1098,customer_1098,54,ES,2024-01-19
1099,customer_1099,28,FR,2024-12-08
1100,customer_1100,12,ES,2024-05-24
1101,customer_1101,72,FR,2024-09-19
1102,customer_1102,44,MA,2024-03-09
1103,customer_1103,49,FR,2024-02-21
1104,customer_1104,48,MA,2024-07-23
1105,customer_1105,61,US,2024-04-25
1106,customer_1106,65,FR,2024-09-07
1107,customer_1107,46,DE,2024-03-16
1108,customer_1108,28,ES,2024-05-18
1109,customer_1109,48,DE,2024-11-16
1110,customer_1110,58,US,2024-10-04
1111,customer_1111,78,MA,2024-10-15
1112,customer_1112,20,MA,2024-11-14
1113,customer_1113,12,ES,2024-01-23
1114,customer_1114,65,MA,2024-01-02
1115,customer_1115,72,DE,2024-01-19
1116,customer_1116,49,MA,2024-03-02
1117,customer_1117,80,ES,2024-06-20
1118,customer_1118,77,ES,2024-02-27
1119,customer_1119,39,MA,2024-01-13
1120,customer_1120,36,US,2024-04-07
1121,customer_1121,70,MA,2024-03-23
1122,customer_1122,31,MA,2024-08-26
1123,customer_1123,23,ES,2024-09-22
1124,customer_1124,85,ES,2024-03-15
1125,customer_1125,79,FR,2024-03-01
1126,customer_1126,73,FR,2024-09-25
1127,customer_1127,71,US,2024-05-11
1128,customer_1128,26,MA,2024-01-27
1129,customer_1129,29,MA,2024-02-09
1130,customer_1130,84,US,2024-09-12
1131,customer_1131,20,DE,2024-08-09
1132,customer_1132,12,MA,2024-02-28
1133,customer_1133,69,DE,2024-02-01
1134,customer_1134,54,DE,2024-11-06
1135,customer_1135,35,ES,2024-02-14
1136,customer_1136,21,DE,2024-05-09
1137,customer_1137,35,FR,2024-07-11
1138,customer_1138,19,FR,2024-12-08
1139,customer_1139,37,DE,2024-07-23
1140,customer_1140,,DE,2024-08-06
1141,customer_1141,80,MA,2024-10-12
1142,customer_1142,35,DE,2024-02-15
1143,customer_1143,62,FR,2024-06-28
1144,customer_1144,31,US,2024-08-18
1145,customer_1145,34,MA,2024-11-26
1146,customer_1146,27,MA,2024-05-17
1147,customer_1147,52,ES,2024-09-09
1148,customer_1148,78,ES,2024-08-06
1149,customer_1149,49,FR,2024-06-09
1150,customer_1150,54,US,2024-02-09
1151,customer_1151,16,FR,2024-09-17
1152,customer_1152,46,ES,2024-08-14
1153,customer_1153,33,DE,2024-01-22
1154,customer_1154,51,,2024-11-27
1155,customer_1155,27,FR,2024-11-14
1156,customer_1156,30,MA,2024-01-24
1157,customer_1157,14,FR,2024-01-15
1158,customer_1158,40,FR,2024-01-23
1159,customer_1159,,DE,2024-07-22
1160,customer_1160,18,ES,2024-10-06
1161,customer_1161,59,MA,2024-12-02
1162,customer_1162,23,ES,2024-01-14
1163,customer_1163,15,ES,2024-02-06
1164,customer_1164,75,US,2024-07-23
1165,customer_1165,20,US,2024-10-22
1166,customer_1166,45,DE,2024-12-05
1167,customer_1167,70,MA,2024-03-26
1168,customer_1168,43,FR,2024-06-24
1169,customer_1169,58,DE,2024-02-20
1170,customer_1170,67,DE,2024-10-12
1171,customer_1171,74,DE,2024-06-07
1172,customer_1172,89,US,2024-07-22
1173,customer_1173,89,ES,2024-09-28
1174,customer_1174,18,ES,2024-06-25
1175,customer_1175,34,MA,2024-04-23
1176,customer_1176,86,FR,2024-11-07
1177,customer_1177,64,ES,2024-01-06
1178,customer_1178,89,ES,2024-02-01
1179,customer_1179,35,US,2024-04-04
1180,customer_1180,67,US,2024-06-08
1181,customer_1181,36,MA,2024-08-12
1182,customer_1182,20,DE,2024-12-27
1183,customer_1183,86,FR,2024-11-20
1184,customer_1184,39,FR,2024-08-25
1185,customer_1185,75,US,2024-09-22
1186,customer_1186,75,,2024-06-02
1187,customer_1187,50,DE,2024-12-18
1188,customer_1188,31,DE,2024-12-25
1189,customer_1189,79,ES,2024-01-07
1190,customer_1190,47,DE,2024-01-10
1191,customer_1191,43,MA,2024-01-07
1192,customer_1192,,DE,2024-02-18
1193,customer_1193,88,ES,2024-10-09
1194,customer_1194,25,ES,2024-06-26
1195,customer_1195,52,FR,2024-10-07
1196,customer_1196,48,FR,2024-05-22
1197,customer_1197,66,FR,2024-06-22
1198,customer_1198,50,ES,2024-08-03
1199,customer_1199,45,US,2024-06-09
1200,customer_1200,85,MA,2024-02-13
1201,customer_1201,17,ES,2024-12-03
1202,customer_1202,29,MA,2024-09-03
1203,customer_1203,84,MA,2024-08-14
1204,customer_1204,68,DE,2024-10-16
1205,customer_1205,52,US,2024-09-14
1206,customer_1206,30,FR,2024-07-27
1207,customer_1207,75,FR,2024-05-23
1208,customer_1208,69,MA,2024-05-05
1209,customer_1209,77,FR,2024-01-12
1210,customer_1210,34,MA,2024-11-04
1211,customer_1211,21,FR,2024-09-26
1212,customer_1212,69,US,2024-05-19
1213,customer_1213,89,US,2024-01-09
1214,customer_1214,79,ES,2024-04-21
1215,customer_1215,70,MA,2024-10-02
1216,customer_1216,34,DE,2024-07-05
1217,customer_1217,15,US,2024-06-23
1218,customer_1218,34,ES,2024-04-18
1219,customer_1219,15,,2024-01-16
1220,customer_1220,43,DE,2024-08-25
1221,customer_1221,22,DE,2024-05-20
1222,customer_1222,47,ES,2024-03-14
1223,customer_1223,69,,2024-09-27
1224,customer_1224,62,MA,2024-05-25
1225,customer_1225,79,ES,2024-04-28
1226,customer_1226,56,FR,2024-02-05
1227,customer_1227,49,DE,2024-01-21
1228,customer_1228,86,US,2024-09-24
1229,customer_1229,31,US,2024-12-23
1230,customer_1230,39,FR,2024-03-22
1231,customer_1231,65,FR,2024-07-03
1232,customer_1232,77,US,2024-07-16
1233,customer_1233,41,US,2024-09-09
1234,customer_1234,42,,2024-04-17
1235,customer_1235,,ES,2024-11-20
1236,customer_1236,69,MA,2024-06-12
1237,customer_1237,20,US,2024-01-19
1238,customer_1238,86,DE,2024-10-09
1239,customer_1239,18,MA,2024-09-21
1240,customer_1240,22,US,2024-08-27
1241,customer_1241,79,US,2024-09-08
1242,customer_1242,26,US,2024-05-14
1243,customer_1243,63,ES,2024-12-26
1244,customer_1244,25,DE,2024-03-13
1245,customer_1245,89,FR,2024-04-06
1246,customer_1246,51,FR,2024-08-02
1247,customer_1247,33,ES,2024-07-01
1248,customer_1248,34,US,2024-01-07
1249,customer_1249,87,US,2024-05-09
1250,customer_1250,17,ES,2024-03-11
1251,customer_1251,65,MA,2024-10-22
1252,customer_1252,89,FR,2024-01-19
1253,customer_1253,28,ES,2024-05-14
1254,customer_1254,28,ES,2024-09-08
1255,customer_1255,68,ES,2024-08-07
1256,customer_1256,62,ES,2024-12-19
1257,customer_1257,46,DE,2024-09-17
1258,customer_1258,32,US,2024-02-07
1259,customer_1259,61,MA,2024-12-23
1260,customer_1260,75,MA,2024-09-17
1261,customer_1261,36,,2024-06-09
1262,customer_1262,50,US,2024-07-22
1263,customer_1263,23,FR,2024-12-13
1264,customer_1264,78,MA,2024-05-03
1265,customer_1265,45,MA,2024-03-04
1266,customer_1266,88,ES,2024-12-10
1267,customer_1267,83,ES,2024-06-08
1268,customer_1268,40,ES,2024-06-04
1269,customer_1269,68,FR,2024-06-17
1270,customer_1270,70,DE,2024-04-04
1271,customer_1271,43,,2024-02-26
1272,customer_1272,67,DE,2024-11-20
1273,customer_1273,12,ES,2024-02-17
1274,customer_1274,86,US,2024-10-18
1275,customer_1275,,US,2024-09-09
1276,customer_1276,46,DE,2024-11-15
1277,customer_1277,78,US,2024-08-23
1278,customer_1278,65,ES,2024-09-08
1279,customer_1279,70,ES,2024-10-15
1280,customer_1280,80,DE,2024-06-17
1281,customer_1281,31,MA,2024-09-15
1282,customer_1282,30,US,2024-03-26
1283,customer_1283,79,,2024-09-27
1284,customer_1284,38,MA,2024-03-06
1285,customer_1285,69,DE,2024-01-24
1286,customer_1286,13,MA,2024-06-17
1287,customer_1287,63,US,2024-01-26
1288,customer_1288,,US,2024-01-26
1289,customer_1289,13,MA,2024-10-09
1290,customer_1290,38,DE,2024-04-01
1291,customer_1291,56,MA,2024-02-25
1292,customer_1292,62,US,2024-03-04
1293,customer_1293,72,,2024-03-07
1294,customer_1294,37,MA,2024-01-19
1295,customer_1295,38,MA,2024-05-23
1296,customer_1296,72,US,2024-12-16
1297,customer_1297,12,MA,2024-09-06
1298,customer_1298,14,US,2024-04-02
1299,customer_1299,38,FR,2024-06-02
1300,customer_1300,27,MA,2024-03-21
1301,customer_1301,32,MA,2024-05-08
1302,customer_1302,40,ES,2024-04-10
1303,customer_1303,43,FR,2024-08-01
1304,customer_1304,75,US,2024-04-07
1305,customer_1305,57,US,2024-02-11
1306,customer_1306,60,FR,2024-01-25
1307,customer_1307,46,FR,2024-02-10
1308,customer_1308,23,US,2024-02-06
1309,customer_1309,66,ES,2024-12-27
1310,customer_1310,62,DE,2024-02-28
1311,customer_1311,47,DE,2024-01-13
1312,customer_1312,28,DE,2024-06-06
1313,customer_1313,85,MA,2024-04-03
1314,customer_1314,77,ES,2024-06-17
1315,customer_1315,33,DE,2024-10-27
1316,customer_1316,,MA,2024-12-28
1317,customer_1317,64,US,2024-11-21
1318,customer_1318,61,ES,2024-10-16
1319,customer_1319,20,US,2024-09-22
1320,customer_1320,17,US,2024-06-26
1321,customer_1321,27,ES,2024-08-23
1322,customer_1322,56,DE,2024-02-05
1323,customer_1323,42,US,2024-06-10
1324,customer_1324,32,ES,2024-09-27
1325,customer_1325,23,MA,2024-11-08
1326,customer_1326,41,DE,2024-03-11
1327,customer_1327,89,ES,2024-01-11
1328,customer_1328,33,DE,2024-09-07
1329,customer_1329,26,US,2024-07-18
1330,customer_1330,27,DE,2024-09-06
1331,customer_1331,48,ES,2024-05-01
1332,customer_1332,46,MA,2024-11-01
1333,customer_1333,53,DE,2024-06-21
1334,customer_1334,32,DE,2024-06-12
1335,customer_1335,28,US,2024-04-16
1336,customer_1336,52,US,2024-06-07
1337,customer_1337,26,,2024-01-27
1338,customer_1338,67,DE,2024-08-28
1339,customer_1339,53,FR,2024-11-21
1340,customer_1340,22,DE,2024-11-20
1341,customer_1341,42,FR,2024-08-22
1342,customer_1342,,FR,2024-04-21
1343,customer_1343,81,MA,2024-02-04
1344,customer_1344,87,MA,2024-08-11
1345,customer_1345,79,ES,2024-04-20
1346,customer_1346,79,US,2024-03-21
1347,customer_1347,19,MA,2024-05-20
1348,customer_1348,49,MA,2024-01-28
1349,customer_1349,65,FR,2024-09-06
1350,customer_1350,56,DE,2024-02-13
1351,customer_1351,18,,2024-05-24
1352,customer_1352,70,US,2024-07-06
1353,customer_1353,35,US,2024-11-13
1354,customer_1354,83,DE,2024-09-25
1355,customer_1355,39,US,2024-06-06
1356,customer_1356,,MA,2024-02-27
1357,customer_1357,17,,2024-11-26
1358,customer_1358,32,FR,2024-05-22
1359,customer_1359,,MA,2024-11-09
1360,customer_1360,17,ES,2024-06-27
1361,customer_1361,70,DE,2024-06-12
1362,customer_1362,73,US,2024-09-08
1363,customer_1363,58,US,2024-08-12
1364,customer_1364,34,ES,2024-10-11
1365,customer_1365,79,DE,2024-05-14
1366,customer_1366,36,ES,2024-06-17
1367,customer_1367,24,US,2024-10-21
1368,customer_1368,12,MA,2024-04-12
1369,customer_1369,88,ES,2024-05-01
1370,customer_1370,68,FR,2024-12-01
1371,customer_1371,69,ES,2024-05-17
1372,customer_1372,54,ES,2024-10-06
1373,customer_1373,22,ES,2024-01-13
1374,customer_1374,83,MA,2024-10-24
1375,customer_1375,16,MA,2024-06-22
1376,customer_1376,49,FR,2024-12-27
1377,customer_1377,83,FR,2024-06-05
1378,customer_1378,48,FR,2024-07-16
1379,customer_1379,32,DE,2024-09-10
1380,customer_1380,77,US,2024-06-24
1381,customer_1381,88,ES,2024-12-05
1382,customer_1382,20,ES,2024-03-01
1383,customer_1383,66,ES,2024-09-19
1384,customer_1384,37,FR,2024-06-16
1385,customer_1385,,ES,2024-06-02
1386,customer_1386,25,DE,2024-07-11
1387,customer_1387,26,US,2024-05-07
1388,customer_1388,18,MA,2024-07-25
1389,customer_1389,78,ES,2024-10-22
1390,customer_1390,19,US,2024-12-01
1391,customer_1391,78,MA,2024-11-04
1392,customer_1392,35,ES,2024-02-15
1393,customer_1393,18,ES,2024-09-26
1394,customer_1394,19,FR,2024-01-23
1395,customer_1395,84,FR,2024-04-22
1396,customer_1396,77,DE,2024-01-20
1397,customer_1397,27,FR,2024-02-16
1398,customer_1398,72,US,2024-06-12
1399,customer_1399,67,FR,2024-12-01
1400,customer_1400,45,DE,2024-03-17
1401,customer_1401,15,DE,2024-12-26
1402,customer_1402,30,FR,2024-03-15
1403,customer_1403,71,ES,2024-09-24
1404,customer_1404,47,DE,2024-06-06
1405,customer_1405,79,FR,2024-06-07
1406,customer_1406,46,FR,2024-09-05
1407,customer_1407,67,DE,2024-05-27
1408,customer_1408,73,ES,2024-04-02
1409,customer_1409,74,MA,2024-05-10
1410,customer_1410,76,FR,2024-05-02
1411,customer_1411,60,DE,2024-12-03
1412,customer_1412,40,ES,2024-10-01
1413,customer_1413,21,DE,2024-07-25
1414,customer_1414,13,MA,2024-02-07
1415,customer_1415,33,ES,2024-08-02
1416,customer_1416,26,DE,2024-12-07
1417,customer_1417,28,ES,2024-05-24
1418,customer_1418,88,FR,2024-05-19
1419,customer_1419,34,FR,2024-12-15
1420,customer_1420,29,DE,2024-11-08
1421,customer_1421,46,DE,2024-01-24
1422,customer_1422,34,FR,2024-11-18
1423,customer_1423,,FR,2024-05-08
1424,customer_1424,,US,2024-05-04
1425,customer_1425,82,US,2024-01-15
1426,customer_1426,,MA,2024-11-01
1427,customer_1427,81,FR,2024-11-28
1428,customer_1428,82,MA,2024-04-20
1429,customer_1429,45,US,2024-12-02
1430,customer_1430,60,ES,2024-06-11
1431,customer_1431,57,FR,2024-02-26
1432,customer_1432,41,ES,2024-05-02
1433,customer_1433,19,ES,2024-03-15
1434,customer_1434,30,DE,2024-08-18
1435,customer_1435,73,US,2024-08-22
1436,customer_1436,65,MA,2024-03-06
1437,customer_1437,26,US,2024-10-04
1438,customer_1438,25,DE,2024-07-16
1439,customer_1439,19,US,2024-02-25
1440,customer_1440,56,MA,2024-03-17
1441,customer_1441,82,MA,2024-09-04
1442,customer_1442,48,US,2024-04-27
1443,customer_1443,65,ES,2024-08-06
1444,customer_1444,40,US,2024-05-15
1445,customer_1445,12,US,2024-09-20
1446,customer_1446,28,ES,2024-03-08
1447,customer_1447,44,US,2024-07-06
1448,customer_1448,74,ES,2024-04-20
1449,customer_1449,16,ES,2024-10-18
1450,customer_1450,87,FR,2024-07-07
1451,customer_1451,50,FR,2024-05-06
1452,customer_1452,22,MA,2024-06-11
1453,customer_1453,47,FR,2024-12-09
1454,customer_1454,15,DE,2024-08-02
1455,customer_1455,49,FR,2024-04-23
1456,customer_1456,65,ES,2024-07-20
1457,customer_1457,49,ES,2024-04-22
1458,customer_1458,58,DE,2024-10-15
1459,customer_1459,60,FR,2024-11-13
1460,customer_1460,65,FR,2024-10-16
1461,customer_1461,34,FR,2024-06-18
1462,customer_1462,35,MA,2024-01-26
1463,customer_1463,24,US,2024-07-22
1464,customer_1464,26,DE,2024-10-16
1465,customer_1465,46,DE,2024-08-09
1466,customer_1466,56,,2024-10-01
1467,customer_1467,22,ES,2024-07-27
1468,customer_1468,81,ES,2024-07-16
1469,customer_1469,38,MA,2024-04-07
1470,customer_1470,21,DE,2024-06-07
1471,customer_1471,88,ES,2024-12-14
1472,customer_1472,28,ES,2024-05-13
1473,customer_1473,26,FR,2024-03-04
1474,customer_1474,33,MA,2024-12-02
1475,customer_1475,67,US,2024-10-09
1476,customer_1476,66,US,2024-05-14
1477,customer_1477,29,MA,2024-08-16
1478,customer_1478,88,MA,2024-01-20
1479,customer_1479,32,DE,2024-08-03
1480,customer_1480,73,FR,2024-11-26
1481,customer_1481,81,MA,2024-02-10
1482,customer_1482,79,MA,2024-09-18
1483,customer_1483,35,US,2024-07-19
1484,customer_1484,19,FR,2024-11-09
1485,customer_1485,44,MA,2024-12-18
1486,customer_1486,36,MA,2024-07-13
1487,customer_1487,48,DE,2024-12-19
1488,customer_1488,22,FR,2024-07-09
1489,customer_1489,,DE,2024-01-27
1490,customer_1490,52,DE,2024-07-11
1491,customer_1491,28,ES,2024-12-18
1492,customer_1492,26,MA,2024-02-10
1493,customer_1493,48,FR,2024-12-01
1494,customer_1494,48,MA,2024-03-26
1495,customer_1495,52,DE,2024-11-19
1496,customer_1496,54,ES,2024-11-12
1497,customer_1497,62,FR,2024-02-14
1498,customer_1498,22,FR,2024-05-27
1499,customer_1499,87,MA,2024-03-23
1500,customer_1500,67,US,2024-04-25
1501,customer_1501,45,US,2024-03-15
1502,customer_1502,61,US,2024-05-02
1503,customer_1503,42,DE,2024-08-17
1504,customer_1504,15,FR,2024-05-15
1505,customer_1505,21,MA,2024-02-27
1506,customer_1506,71,,2024-10-02
1507,customer_1507,85,MA,2024-11-24
1508,customer_1508,87,ES,2024-04-16
1509,customer_1509,,ES,2024-01-02
1510,customer_1510,30,US,2024-03-14
1511,customer_1511,85,FR,2024-06-04
1512,customer_1512,32,MA,2024-11-25
1513,customer_1513,77,ES,2024-12-28
1514,customer_1514,22,ES,2024-04-17
1515,customer_1515,63,FR,2024-10-08
1516,customer_1516,28,,2024-01-28
1517,customer_1517,83,FR,2024-10-19
1518,customer_1518,77,DE,2024-02-15
1519,customer_1519,37,ES,2024-05-18
1520,customer_1520,23,ES,2024-09-02
1521,customer_1521,63,MA,2024-02-10
1522,customer_1522,43,FR,2024-02-05
1523,customer_1523,22,DE,2024-04-12
1524,customer_1524,46,MA,2024-11-23
1525,customer_1525,25,US,2024-02-26
1526,customer_1526,61,MA,2024-12-15
1527,customer_1527,71,DE,2024-08-14
1528,customer_1528,30,FR,2024-01-06
1529,customer_1529,87,ES,2024-09-26
1530,customer_1530,,DE,2024-04-10
1531,customer_1531,,US,2024-10-26
1532,customer_1532,38,US,2024-08-15
1533,customer_1533,36,US,2024-09-16
1534,customer_1534,40,DE,2024-11-11
1535,customer_1535,86,US,2024-12-05
1536,customer_1536,83,,2024-04-21
1537,customer_1537,63,FR,2024-09-23
1538,customer_1538,70,FR,2024-08-13
1539,customer_1539,66,US,2024-12-07
1540,customer_1540,25,ES,2024-12-22
1541,customer_1541,67,US,2024-04-22
1542,customer_1542,58,US,2024-01-11
1543,customer_1543,50,FR,2024-07-15
1544,customer_1544,86,MA,2024-08-21
1545,customer_1545,32,DE,2024-07-12
1546,customer_1546,70,ES,2024-06-09
1547,customer_1547,33,FR,2024-02-26
1548,customer_1548,17,ES,2024-10-11
1549,customer_1549,25,DE,2024-02-04
1550,customer_1550,82,DE,2024-07-20
1551,customer_1551,,FR,2024-10-09
1552,customer_1552,83,FR,2024-12-02
1553,customer_1553,14,ES,2024-05-24
1554,customer_1554,72,US,2024-05-10
1555,customer_1555,29,MA,2024-02-02
1556,customer_1556,23,MA,2024-09-17
1557,customer_1557,32,FR,2024-02-27
1558,customer_1558,41,DE,2024-03-06
1559,customer_1559,74,FR,2024-06-12
1560,customer_1560,35,US,2024-01-08
1561,customer_1561,80,FR,2024-02-18
1562,customer_1562,75,US,2024-02-22
1563,customer_1563,49,MA,2024-11-15
1564,customer_1564,19,US,2024-07-11
1565,customer_1565,46,US,2024-08-17
1566,customer_1566,36,FR,2024-07-13
1567,customer_1567,16,FR,2024-10-05
1568,customer_1568,71,FR,2024-03-23
1569,customer_1569,59,MA,2024-05-17
1570,customer_1570,81,,2024-12-23
1571,customer_1571,84,US,2024-03-22
1572,customer_1572,60,ES,2024-08-22
1573,customer_1573,50,US,2024-01-05
1574,customer_1574,13,ES,2024-05-24
1575,customer_1575,51,US,2024-03-15
1576,customer_1576,85,US,2024-07-04
1577,customer_1577,,ES,2024-01-26
1578,customer_1578,12,ES,2024-06-28
1579,customer_1579,15,DE,2024-09-02
1580,customer_1580,23,DE,2024-03-13
1581,customer_1581,80,MA,2024-05-15
1582,customer_1582,84,US,2024-06-10
1583,customer_1583,81,DE,2024-07-06
1584,customer_1584,63,MA,2024-07-23
1585,customer_1585,65,ES,2024-05-10
1586,customer_1586,68,MA,2024-12-27
1587,customer_1587,89,DE,2024-06-07
1588,customer_1588,81,FR,2024-08-22
1589,customer_1589,17,FR,2024-04-28
1590,customer_1590,19,ES,2024-06-16
1591,customer_1591,41,US,2024-01-07
1592,customer_1592,70,DE,2024-10-03
1593,customer_1593,57,DE,2024-06-15
1594,customer_1594,53,DE,2024-08-08
1595,customer_1595,56,DE,2024-06-27
1596,customer_1596,80,US,2024-03-08
1597,customer_1597,62,ES,2024-06-25
1598,customer_1598,51,MA,2024-12-17
1599,customer_1599,47,MA,2024-01-19
1600,customer_1600,81,US,2024-06-07
1601,customer_1601,57,DE,2024-07-13
1602,customer_1602,71,US,2024-11-23
1603,customer_1603,24,FR,2024-06-03
1604,customer_1604,82,DE,2024-09-04
1605,customer_1605,49,US,2024-12-07
1606,customer_1606,87,US,2024-03-06
1607,customer_1607,50,FR,2024-07-04
1608,customer_1608,37,MA,2024-04-07
1609,customer_1609,28,ES,2024-01-22
1610,customer_1610,28,ES,2024-01-27
1611,customer_1611,31,MA,2024-06-24
1612,customer_1612,17,FR,2024-09-13
1613,customer_1613,85,US,2024-05-12
1614,customer_1614,20,US,2024-05-19
1615,customer_1615,16,MA,2024-01-10
1616,customer_1616,36,FR,2024-02-25
1617,customer_1617,59,US,2024-07-14
1618,customer_1618,,DE,2024-08-02
1619,customer_1619,75,FR,2024-07-23
1620,customer_1620,49,ES,2024-01-13
1621,customer_1621,81,FR,2024-06-07
1622,customer_1622,62,US,2024-05-10
1623,customer_1623,37,US,2024-11-25
1624,customer_1624,41,US,2024-06-18
1625,customer_1625,42,DE,2024-06-25
1626,customer_1626,74,DE,2024-02-13
1627,customer_1627,20,FR,2024-04-17
1628,customer_1628,79,FR,2024-12-02
1629,customer_1629,29,ES,2024-04-24
1630,customer_1630,43,DE,2024-10-05
1631,customer_1631,68,ES,2024-03-04
1632,customer_1632,14,DE,2024-05-09
1633,customer_1633,,MA,2024-06-02
1634,customer_1634,77,FR,2024-02-26
1635,customer_1635,43,MA,2024-06-27
1636,customer_1636,71,FR,2024-10-15
1637,customer_1637,19,FR,2024-07-14
1638,customer_1638,78,DE,2024-05-14
1639,customer_1639,51,ES,2024-08-06
1640,customer_1640,38,DE,2024-04-03
1641,customer_1641,83,US,2024-09-07
1642,customer_1642,88,ES,2024-01-24
1643,customer_1643,34,DE,2024-05-06
1644,customer_1644,45,FR,2024-03-26
1645,customer_1645,41,DE,2024-08-27
1646,customer_1646,39,FR,2024-10-17
1647,customer_1647,78,DE,2024-12-06
1648,customer_1648,74,DE,2024-03-19
1649,customer_1649,88,FR,2024-03-20
1650,customer_1650,20,MA,2024-06-13
1651,customer_1651,58,MA,2024-12-26
1652,customer_1652,57,FR,2024-04-19
1653,customer_1653,75,DE,2024-04-21
1654,customer_1654,35,FR,2024-10-24
1655,customer_1655,22,MA,2024-06-03
1656,customer_1656,63,DE,2024-12-01
1657,customer_1657,50,DE,2024-04-06
1658,customer_1658,89,ES,2024-10-13
1659,customer_1659,63,ES,2024-09-07
1660,customer_1660,72,ES,2024-10-01
1661,customer_1661,50,FR,2024-02-26
1662,customer_1662,55,US,2024-12-03
1663,customer_1663,18,,2024-02-18
1664,customer_1664,55,US,2024-10-15
1665,customer_1665,87,ES,2024-05-01
1666,customer_1666,78,US,2024-06-10
1667,customer_1667,16,FR,2024-10-05
1668,customer_1668,55,US,2024-06-20
1669,customer_1669,21,,2024-03-27
1670,customer_1670,32,US,2024-10-22
1671,customer_1671,13,ES,2024-08-18
1672,customer_1672,15,ES,2024-11-03
1673,customer_1673,27,FR,2024-11-13
1674,customer_1674,85,DE,2024-05-25
1675,customer_1675,13,DE,2024-10-27
1676,customer_1676,27,DE,2024-07-18
1677,customer_1677,37,FR,2024-12-17
1678,customer_1678,33,FR,2024-10-06
1679,customer_1679,65,ES,2024-10-01
1680,customer_1680,30,US,2024-04-12
1681,customer_1681,21,ES,2024-12-28
1682,customer_1682,59,US,2024-05-06
1683,customer_1683,48,MA,2024-10-19
1684,customer_1684,62,,2024-03-15
1685,customer_1685,48,FR,2024-07-12
1686,customer_1686,60,MA,2024-12-05
1687,customer_1687,25,ES,2024-11-01
1688,customer_1688,89,DE,2024-09-13
1689,customer_1689,60,MA,2024-05-13
1690,customer_1690,30,DE,2024-07-17
1691,customer_1691,75,US,2024-07-17
1692,customer_1692,34,ES,2024-02-05
1693,customer_1693,53,MA,2024-01-12
1694,customer_1694,41,FR,2024-01-16
1695,customer_1695,28,,2024-05-17
1696,customer_1696,78,DE,2024-11-16
1697,customer_1697,81,MA,2024-07-16
1698,customer_1698,72,MA,2024-03-28
1699,customer_1699,22,ES,2024-07-04
1700,customer_1700,38,DE,2024-10-24
1701,customer_1701,45,MA,2024-06-18
1702,customer_1702,57,DE,2024-04-13
1703,customer_1703,77,FR,2024-06-25
1704,customer_1704,19,US,2024-01-26
1705,customer_1705,57,MA,2024-02-06
1706,customer_1706,48,DE,2024-11-03
1707,customer_1707,81,US,2024-04-01
1708,customer_1708,33,US,2024-02-22
1709,customer_1709,50,MA,2024-10-02
1710,customer_1710,53,MA,2024-02-23
1711,customer_1711,69,US,2024-02-07
1712,customer_1712,22,US,2024-12-18
1713,customer_1713,55,DE,2024-04-22
1714,customer_1714,87,MA,2024-03-03
1715,customer_1715,62,FR,2024-08-20
1716,customer_1716,17,FR,2024-10-14
1717,customer_1717,74,MA,2024-10-22
1718,customer_1718,39,MA,2024-02-22
1719,customer_1719,65,US,2024-11-23
1720,customer_1720,82,US,2024-04-11
1721,customer_1721,88,FR,2024-08-06
1722,customer_1722,,FR,2024-09-25
1723,customer_1723,84,US,2024-08-06
1724,customer_1724,32,MA,2024-08-18
1725,customer_1725,42,MA,2024-10-25
1726,customer_1726,76,MA,2024-09-28
1727,customer_1727,30,FR,2024-10-23
1728,customer_1728,64,ES,2024-05-17
1729,customer_1729,12,US,2024-10-27
1730,customer_1730,15,ES,2024-04-13
1731,customer_1731,40,DE,2024-05-15
1732,customer_1732,61,FR,2024-05-25
1733,customer_1733,14,FR,2024-09-08
1734,customer_1734,72,MA,2024-01-06
1735,customer_1735,86,FR,2024-10-26
1736,customer_1736,63,FR,2024-07-17
1737,customer_1737,68,DE,2024-02-24
1738,customer_1738,87,DE,2024-05-03
1739,customer_1739,78,FR,2024-10-01
1740,customer_1740,71,US,2024-04-11
1741,customer_1741,54,DE,2024-06-07
1742,customer_1742,28,FR,2024-11-18
1743,customer_1743,47,FR,2024-08-24
1744,customer_1744,72,ES,2024-06-17
1745,customer_1745,50,DE,2024-12-25
1746,customer_1746,82,FR,2024-11-14
1747,customer_1747,88,ES,2024-09-18
1748,customer_1748,,ES,2024-12-18
1749,customer_1749,67,US,2024-11-24
1750,customer_1750,19,FR,2024-07-04
1751,customer_1751,66,FR,2024-02-23
1752,customer_1752,,FR,2024-02-07
1753,customer_1753,23,MA,2024-07-23
1754,customer_1754,20,US,2024-08-24
1755,customer_1755,52,US,2024-10-18
1756,customer_1756,12,FR,2024-01-04
1757,customer_1757,88,ES,2024-10-22
1758,customer_1758,86,FR,2024-04-27
1759,customer_1759,33,US,2024-07-21
1760,customer_1760,30,US,2024-10-26
1761,customer_1761,,ES,2024-11-17
1762,customer_1762,17,ES,2024-11-22
1763,customer_1763,16,ES,2024-05-27
1764,customer_1764,52,,2024-03-05
1765,customer_1765,74,MA,2024-08-27
1766,customer_1766,65,DE,2024-09-13
1767,customer_1767,,DE,2024-08-09
1768,customer_1768,68,US,2024-07-18
1769,customer_1769,75,US,2024-02-03
1770,customer_1770,73,DE,2024-12-28
1771,customer_1771,40,MA,2024-02-15
1772,customer_1772,82,FR,2024-07-15
1773,customer_1773,14,ES,2024-08-04
1774,customer_1774,59,MA,2024-03-10
1775,customer_1775,42,ES,2024-02-13
1776,customer_1776,38,FR,2024-12-15
1777,customer_1777,17,US,2024-07-04
1778,customer_1778,77,DE,2024-03-03
1779,customer_1779,15,MA,2024-06-07
1780,customer_1780,59,FR,2024-07-09
1781,customer_1781,29,US,2024-01-07
1782,customer_1782,62,FR,2024-11-18
1783,customer_1783,35,US,2024-08-10
1784,customer_1784,36,DE,2024-06-21
1785,customer_1785,20,ES,2024-02-10
1786,customer_1786,,DE,2024-11-23
1787,customer_1787,18,ES,2024-12-20
1788,customer_1788,43,FR,2024-12-13
1789,customer_1789,36,DE,2024-05-01
1790,customer_1790,63,US,2024-06-25
1791,customer_1791,30,ES,2024-11-27
1792,customer_1792,20,DE,2024-05-10
1793,customer_1793,53,FR,2024-02-02
1794,customer_1794,76,MA,2024-01-21
1795,customer_1795,44,US,2024-07-06
1796,customer_1796,19,MA,2024-05-26
1797,customer_1797,89,DE,2024-12-12
1798,customer_1798,67,FR,2024-05-03
1799,customer_1799,77,US,2024-05-03
1800,customer_1800,89,MA,2024-09-17
1801,customer_1801,67,ES,2024-09-01
1802,customer_1802,23,DE,2024-10-20
1803,customer_1803,66,FR,2024-02-18
1804,customer_1804,74,ES,2024-09-02
1805,customer_1805,16,MA,2024-08-20
1806,customer_1806,27,ES,2024-05-17
1807,customer_1807,58,MA,2024-10-02
1808,customer_1808,68,ES,2024-10-27
1809,customer_1809,49,MA,2024-08-15
1810,customer_1810,32,ES,2024-05-02
1811,customer_1811,48,US,2024-02-22
1812,customer_1812,39,MA,2024-02-16
1813,customer_1813,70,DE,2024-12-08
1814,customer_1814,71,ES,2024-05-21
1815,customer_1815,16,FR,2024-06-24
1816,customer_1816,42,US,2024-02-26
1817,customer_1817,81,DE,2024-09-18
1818,customer_1818,18,FR,2024-06-03
1819,customer_1819,19,ES,2024-03-03
1820,customer_1820,32,ES,2024-02-12
1821,customer_1821,38,ES,2024-09-18
1822,customer_1822,67,FR,2024-01-21
1823,customer_1823,45,DE,2024-07-05
1824,customer_1824,32,FR,2024-11-07
1825,customer_1825,39,US,2024-09-07
1826,customer_1826,60,ES,2024-05-06
1827,customer_1827,79,FR,2024-08-26
1828,customer_1828,83,DE,2024-10-06
1829,customer_1829,,DE,2024-04-22
1830,customer_1830,,US,2024-01-13
1831,customer_1831,30,ES,2024-06-07
1832,customer_1832,74,ES,2024-04-13
1833,customer_1833,15,US,2024-07-24
1834,customer_1834,13,MA,2024-01-18
1835,customer_1835,88,US,2024-10-27
1836,customer_1836,70,DE,2024-09-21
1837,customer_1837,87,ES,2024-12-28
1838,customer_1838,30,ES,2024-09-12
1839,customer_1839,84,US,2024-11-06
1840,customer_1840,65,MA,2024-10-04
1841,customer_1841,43,DE,2024-05-15
1842,customer_1842,28,ES,2024-02-18
1843,customer_1843,22,US,2024-04-26
1844,customer_1844,14,FR,2024-07-21
1845,customer_1845,80,MA,2024-05-27
1846,customer_1846,34,MA,2024-06-14
1847,customer_1847,52,US,2024-06-13
1848,customer_1848,49,FR,2024-12-03
1849,customer_1849,49,MA,2024-06-01
1850,customer_1850,71,MA,2024-11-21
1851,customer_1851,88,DE,2024-05-09
1852,customer_1852,27,MA,2024-01-18
1853,customer_1853,14,ES,2024-09-20
1854,customer_1854,13,DE,2024-02-12
1855,customer_1855,,ES,2024-12-21
1856,customer_1856,16,US,2024-03-08
1857,customer_1857,31,DE,2024-03-08
1858,customer_1858,36,FR,2024-03-15
1859,customer_1859,39,,2024-12-06
1860,customer_1860,42,,2024-06-16
1861,customer_1861,44,MA,2024-11-22
1862,customer_1862,71,MA,2024-09-06
1863,customer_1863,41,FR,2024-05-11
1864,customer_1864,29,US,2024-05-12
1865,customer_1865,19,US,2024-05-09
1866,customer_1866,51,US,2024-10-12
1867,customer_1867,65,MA,2024-02-28
1868,customer_1868,70,MA,2024-11-03
1869,customer_1869,63,MA,2024-05-04
1870,customer_1870,76,US,2024-09-09
1871,customer_1871,,FR,2024-08-12
1872,customer_1872,68,DE,2024-10-19
1873,customer_1873,53,ES,2024-05-27
1874,customer_1874,60,DE,2024-01-13
1875,customer_1875,68,FR,2024-06-09
1876,customer_1876,67,MA,2024-04-07
1877,customer_1877,39,ES,2024-01-02
1878,customer_1878,40,DE,2024-05-02
1879,customer_1879,47,DE,2024-11-16
1880,customer_1880,67,DE,2024-11-10
1881,customer_1881,66,US,2024-10-06
1882,customer_1882,19,ES,2024-01-05
1883,customer_1883,66,MA,2024-01-05
1884,customer_1884,70,US,2024-04-27
1885,customer_1885,37,,2024-07-13
1886,customer_1886,71,MA,2024-11-08
1887,customer_1887,49,MA,2024-05-02
1888,customer_1888,81,US,2024-04-16
1889,customer_1889,49,US,2024-08-20
1890,customer_1890,36,FR,2024-11-08
1891,customer_1891,48,US,2024-08-11
1892,customer_1892,77,ES,2024-12-17
1893,customer_1893,83,MA,2024-09-06
1894,customer_1894,24,ES,2024-03-11
1895,customer_1895,19,,2024-12-24
1896,customer_1896,13,DE,2024-11-14
1897,customer_1897,52,DE,2024-06-15
1898,customer_1898,27,ES,2024-12-16
1899,customer_1899,,US,2024-06-16
1900,customer_1900,54,ES,2024-01-06
1901,customer_1901,60,US,2024-04-08
1902,customer_1902,13,FR,2024-08-15
1903,customer_1903,44,MA,2024-08-21
1904,customer_1904,77,ES,2024-01-26
1905,customer_1905,85,MA,2024-09-11
1906,customer_1906,78,MA,2024-08-01
1907,customer_1907,21,MA,2024-09-17
1908,customer_1908,65,DE,2024-11-17
1909,customer_1909,65,ES,2024-09-01
1910,customer_1910,26,MA,2024-05-23
1911,customer_1911,43,US,2024-11-11
1912,customer_1912,27,US,2024-06-14
1913,customer_1913,27,FR,2024-10-17
1914,customer_1914,77,DE,2024-11-14
1915,customer_1915,18,ES,2024-03-07
1916,customer_1916,25,MA,2024-11-25
1917,customer_1917,65,FR,2024-10-24
1918,customer_1918,54,DE,2024-06-05
1919,customer_1919,31,MA,2024-10-08
1920,customer_1920,75,FR,2024-08-28
1921,customer_1921,70,ES,2024-11-03
1922,customer_1922,22,FR,2024-06-13
1923,customer_1923,14,MA,2024-06-15
1924,customer_1924,66,FR,2024-07-10
1925,customer_1925,38,FR,2024-11-19
1926,customer_1926,64,ES,2024-09-04
1927,customer_1927,73,US,2024-04-08
1928,customer_1928,25,FR,2024-05-01
1929,customer_1929,45,ES,2024-08-28
1930,customer_1930,57,US,2024-01-06
1931,customer_1931,49,MA,2024-04-23
1932,customer_1932,67,FR,2024-01-18
1933,customer_1933,19,ES,2024-07-09
1934,customer_1934,30,DE,2024-08-15
1935,customer_1935,49,FR,2024-07-28
1936,customer_1936,30,ES,2024-03-01
1937,customer_1937,50,FR,2024-12-17
1938,customer_1938,69,US,2024-03-18
1939,customer_1939,65,ES,2024-11-20
1940,customer_1940,37,ES,2024-11-22
1941,customer_1941,30,ES,2024-08-10
1942,customer_1942,57,US,2024-01-01
1943,customer_1943,15,DE,2024-03-04
1944,customer_1944,71,MA,2024-07-07
1945,customer_1945,74,FR,2024-07-06
1946,customer_1946,79,FR,2024-03-20
1947,customer_1947,31,FR,2024-01-23
1948,customer_1948,24,DE,2024-10-22
1949,customer_1949,35,MA,2024-05-26
1950,customer_1950,46,MA,2024-01-28
1951,customer_1951,53,US,2024-05-01
1952,customer_1952,82,MA,2024-04-04
1953,customer_1953,23,DE,2024-06-18
1954,customer_1954,67,FR,2024-12-14
1955,customer_1955,37,US,2024-04-08
1956,customer_1956,45,ES,2024-12-03
1957,customer_1957,50,DE,2024-12-19
1958,customer_1958,56,ES,2024-02-21
1959,customer_1959,13,DE,2024-06-21
1960,customer_1960,18,ES,2024-05-18
1961,customer_1961,50,,2024-03-17
1962,customer_1962,83,US,2024-06-01
1963,customer_1963,33,DE,2024-07-10
1964,customer_1964,12,US,2024-01-23
1965,customer_1965,43,DE,2024-12-04
1966,customer_1966,60,FR,2024-07-07
1967,customer_1967,13,MA,2024-01-03
1968,customer_1968,33,FR,2024-02-14
1969,customer_1969,78,DE,2024-04-12
1970,customer_1970,68,DE,2024-10-11
1971,customer_1971,77,,2024-12-13
1972,customer_1972,25,ES,2024-07-08
1973,customer_1973,53,MA,2024-02-19
1974,customer_1974,42,MA,2024-11-18
1975,customer_1975,36,MA,2024-07-08
1976,customer_1976,70,FR,2024-03-28
1977,customer_1977,24,MA,2024-12-23
1978,customer_1978,86,DE,2024-07-25
1979,customer_1979,17,DE,2024-01-23
1980,customer_1980,41,DE,2024-09-28
1981,customer_1981,,MA,2024-10-13
1982,customer_1982,19,ES,2024-01-17
1983,customer_1983,43,DE,2024-11-05
1984,customer_1984,85,DE,2024-05-11
1985,customer_1985,40,ES,2024-02-05
1986,customer_1986,42,FR,2024-06-20
1987,customer_1987,31,DE,2024-02-02
1988,customer_1988,79,DE,2024-06-09
1989,customer_1989,83,DE,2024-02-07
1990,customer_1990,40,US,2024-11-13
1991,customer_1991,46,MA,2024-01-19
1992,customer_1992,80,DE,2024-01-20
1993,customer_1993,19,US,2024-06-16
1994,customer_1994,12,ES,2024-02-22
1995,customer_1995,48,MA,2024-10-28
1996,customer_1996,74,US,2024-01-13
1997,customer_1997,26,DE,2024-09-24
1998,customer_1998,65,FR,2024-11-09
1999,customer_1999,47,FR,2024-06-28
2000,customer_2000,71,US,2024-08-20
